#,Nome,Tipo,Categoria,Virtù,Gen,Potenza,Precisione,PP
719,"10,000,000 Volt Thunderbolt",Elettro,Speciale,???,VII,195,—%,1
71,Absorb,Erba,Speciale,Acume,I,20,100%,25 (MAX 40)
709,Accelerock,Roccia,Fisico,???,VII,40,100%,20 (MAX 32)
51,Acid,Veleno,Speciale,Acume,I,40,100%,30 (MAX 48)
151,Acid Armor,Veleno,Stato,Grinta,I,—,–%,20 (MAX 32)
491,Acid Spray,Veleno,Speciale,Bellezza,V,40,100%,20 (MAX 32)
628,Acidiluvio Corrosivo,Veleno,Fisico,???,VII,Variabile,—%,1
629,Acidiluvio Corrosivo,Veleno,Speciale,???,VII,Variabile,—%,1
512,Acrobatics,Volante,Fisico,Classe,V,55,100%,15 (MAX 24)
367,Acupressure,Normale,Stato,Grinta,IV,—,–%,30 (MAX 48)
332,Aerial Ace,Volante,Fisico,Classe,III,60,—%,20 (MAX 32)
177,Aeroblast,Volante,Speciale,Classe,II,100,95%,5 (MAX 8)
495,After You,Normale,Stato,Grazia,V,—,–%,15 (MAX 24)
97,Agility,Psico,Stato,Classe,I,—,–%,30 (MAX 48)
314,Air Cutter,Volante,Speciale,Classe,III,60,95%,25 (MAX 40)
403,Air Slash,Volante,Speciale,Classe,IV,75,95%,15 (MAX 24)
624,All-Out Pummeling,Lotta,Fisico,???,VII,Variabile,—%,1
625,All-Out Pummeling,Lotta,Speciale,???,VII,Variabile,—%,1
502,Ally Switch,Psico,Stato,Acume,V,—,–%,15 (MAX 24)
133,Amnesia,Psico,Stato,Grazia,I,—,–%,20 (MAX 32)
677,Anchor Shot,Acciaio,Fisico,???,VII,80,100%,20 (MAX 32)
246,Ancient Power,Roccia,Speciale,Grinta,II,60,100%,5 (MAX 8)
787,Apple Acid,Erba,Speciale,???,VIII,80,100%,10 (MAX 16)
895,Aqua Cutter,Acqua,Fisico,???,IX,70,100%,20 (MAX 32)
453,Aqua Jet,Acqua,Fisico,Classe,IV,40,100%,20 (MAX 32)
392,Aqua Ring,Acqua,Stato,Bellezza,IV,—,–%,20 (MAX 32)
872,Aqua Step,Acqua,Fisico,???,IX,80,100%,10 (MAX 16)
401,Aqua Tail,Acqua,Fisico,Bellezza,IV,90,90%,10 (MAX 16)
292,Arm Thrust,Lotta,Fisico,Grinta,III,15,100%,20 (MAX 32)
890,Armor Cannon,Fuoco,Speciale,???,IX,120,100%,5 (MAX 8)
312,Aromatherapy,Erba,Stato,Acume,III,—,–%,5 (MAX 8)
597,Aromatic Mist,Folletto,Stato,Bellezza,VI,—,—%,20 (MAX 32)
274,Assist,Normale,Stato,Grazia,III,—,–%,20 (MAX 32)
372,Assurance,Buio,Fisico,Acume,IV,60,100%,10 (MAX 16)
310,Astonish,Spettro,Fisico,Grazia,III,30,100%,15 (MAX 24)
825,Astral Barrage,Spettro,Speciale,???,VIII,120,100%,5 (MAX 8)
454,Attack Order,Coleottero,Fisico,Acume,IV,90,100%,15 (MAX 24)
213,Attract,Normale,Stato,Grazia,II,—,100%,15 (MAX 24)
396,Aura Sphere,Lotta,Speciale,Bellezza,IV,80,—%,20 (MAX 32)
783,Aura Wheel,Elettro,Fisico,???,VIII,110,100%,10 (MAX 16)
62,Aurora Beam,Ghiaccio,Speciale,Bellezza,I,65,100%,20 (MAX 32)
694,Aurora Veil,Ghiaccio,Stato,???,VII,—,–%,20 (MAX 32)
475,Autotomize,Acciaio,Stato,Bellezza,V,—,–%,15 (MAX 24)
419,Avalanche,Ghiaccio,Fisico,Bellezza,IV,60,100%,10 (MAX 16)
853,Axe Kick,Lotta,Fisico,???,IX,120,90%,10 (MAX 16)
608,Baby-Doll Eyes,Folletto,Stato,Grazia,VI,—,100%,30 (MAX 48)
737,Baddy Bad,Buio,Speciale,???,VII,80,95%,15 (MAX 24)
661,Baneful Bunker,Veleno,Stato,???,VII,—,–%,10 (MAX 16)
839,Barb Barrage,Veleno,Fisico,???,VIII,60,100%,15 (MAX 24)
140,Barrage,Normale,Fisico,Grazia,I,15,85%,20 (MAX 32)
112,Barrier,Psico,Stato,Classe,I,—,–%,20 (MAX 32)
226,Baton Pass,Normale,Stato,Grazia,II,—,–%,40 (MAX 64)
690,Beak Blast,Volante,Fisico,???,VII,100,100%,15 (MAX 24)
251,Beat Up,Buio,Fisico,Acume,II,Variabile,100%,10 (MAX 16)
782,Behemoth Bash,Acciaio,Fisico,???,VIII,100,100%,5 (MAX 8)
781,Behemoth Blade,Acciaio,Fisico,???,VIII,100,100%,5 (MAX 8)
562,Belch,Veleno,Speciale,Grinta,VI,120,90%,10 (MAX 16)
187,Belly Drum,Normale,Stato,Grazia,II,—,–%,10 (MAX 16)
516,Bestow,Normale,Stato,Grazia,V,—,–%,15 (MAX 24)
117,Bide,Normale,Fisico,Grinta,I,Variabile,—%,10 (MAX 16)
20,Bind,Normale,Fisico,Grinta,I,15,85%,20 (MAX 32)
44,Bite,Buio,Fisico,Grinta,I,60,100%,25 (MAX 40)
891,Bitter Blade,Fuoco,Fisico,???,IX,90,100%,10 (MAX 16)
841,Bitter Malice,Spettro,Speciale,???,VIII,60,100%,15 (MAX 24)
654,Black Hole Eclipse,Buio,Fisico,???,VII,Variabile,—%,1
655,Black Hole Eclipse,Buio,Speciale,???,VII,Variabile,—%,1
307,Blast Burn,Fuoco,Speciale,Bellezza,III,150,90%,5 (MAX 8)
299,Blaze Kick,Fuoco,Fisico,Classe,III,85,90%,10 (MAX 16)
896,Blazing Torque ,Fuoco,Fisico,???,IX,80,100%,10 (MAX 16)
846,Bleakwind Storm,Volante,Speciale,???,VIII,95,80%,5 (MAX 8)
59,Blizzard,Ghiaccio,Speciale,Bellezza,I,110,70%,5 (MAX 8)
335,Block,Normale,Stato,Grazia,III,—,–%,5 (MAX 8)
644,Bloom Doom,Erba,Fisico,???,VII,Variabile,—%,1
645,Bloom Doom,Erba,Speciale,???,VII,Variabile,—%,1
551,Blue Flare,Fuoco,Speciale,Bellezza,V,130,85%,5 (MAX 8)
776,Body Press,Lotta,Fisico,???,VIII,80,100%,10 (MAX 16)
34,Body Slam,Normale,Fisico,Grinta,I,85,100%,15 (MAX 24)
754,Bolt Beak,Elettro,Fisico,???,VIII,85,100%,10 (MAX 16)
550,Bolt Strike,Elettro,Fisico,Bellezza,V,130,85%,5 (MAX 8)
125,Bone Club,Terra,Fisico,Grinta,I,65,85%,20 (MAX 32)
198,Bone Rush,Terra,Fisico,Grinta,II,25,90%,10 (MAX 16)
155,Bonemerang,Terra,Fisico,Grinta,I,50,90%,10 (MAX 16)
586,Boomburst,Normale,Speciale,Grinta,VI,140,100%,10 (MAX 16)
340,Bounce,Volante,Fisico,Grazia,III,85,85%,5 (MAX 8)
733,Bouncy Bubble,Acqua,Speciale,???,VII,60,100%,20 (MAX 32)
785,Branch Poke,Erba,Fisico,???,VIII,40,100%,40 (MAX 64)
413,Brave Bird,Volante,Fisico,Classe,IV,120,100%,15 (MAX 24)
784,Breaking Swipe,Drago,Fisico,???,VIII,60,100%,15 (MAX 24)
622,Breakneck Blitz,Normale,Fisico,???,VII,Variabile,—%,1
623,Breakneck Blitz,Normale,Speciale,???,VII,Variabile,—%,1
280,Brick Break,Lotta,Fisico,Classe,III,75,100%,15 (MAX 24)
362,Brine,Acqua,Speciale,Grinta,IV,65,100%,10 (MAX 16)
693,Brutal Swing,Buio,Fisico,???,VII,60,100%,20 (MAX 32)
145,Bubble,Acqua,Speciale,Grazia,I,40,100%,30 (MAX 48)
61,Bubble Beam,Acqua,Speciale,Bellezza,I,65,100%,20 (MAX 32)
450,Bug Bite,Coleottero,Fisico,Grazia,IV,60,100%,20 (MAX 32)
405,Bug Buzz,Coleottero,Speciale,Bellezza,IV,90,100%,10 (MAX 16)
339,Bulk Up,Lotta,Stato,Classe,III,—,–%,20 (MAX 32)
523,Bulldoze,Terra,Fisico,Grinta,V,60,100%,20 (MAX 32)
418,Bullet Punch,Acciaio,Fisico,Grinta,IV,40,100%,30 (MAX 48)
331,Bullet Seed,Erba,Fisico,Classe,III,25,100%,30 (MAX 48)
682,Burn Up,Fuoco,Speciale,???,VII,130,100%,5 (MAX 8)
807,Burning Jealousy,Fuoco,Speciale,???,VIII,70,100%,5 (MAX 8)
734,Buzzy Buzz,Elettro,Speciale,???,VII,60,100%,20 (MAX 32)
347,Calm Mind,Psico,Stato,Acume,III,—,–%,20 (MAX 32)
293,Camouflage,Normale,Stato,Acume,III,—,–%,20 (MAX 32)
445,Captivate,Normale,Stato,Grazia,IV,—,100%,20 (MAX 32)
658,Catastropika,Elettro,Fisico,???,VII,210,—%,1
845,Ceaseless Edge,Buio,Fisico,???,VIII,65,90%,15 (MAX 24)
606,Celebrate,Normale,Stato,Grazia,VI,—,—%,40 (MAX 64)
268,Charge,Elettro,Stato,Acume,III,—,–%,20 (MAX 32)
451,Charge Beam,Elettro,Speciale,Bellezza,IV,50,90%,10 (MAX 16)
204,Charm,Folletto,Stato,Grazia,II,—,100%,20 (MAX 32)
448,Chatter,Volante,Speciale,Grazia,IV,65,100%,20 (MAX 32)
886,Chilling Water,Acqua,Speciale,???,IX,50,100%,20 (MAX 32)
881,Chilly Reception,Ghiaccio,Stato,???,IX,—,—%,10 (MAX 16)
498,Chip Away,Normale,Fisico,Grinta,V,70,100%,20 (MAX 32)
835,Chloroblast,Erba,Speciale,???,VIII,120,95%,5 (MAX 8)
509,Circle Throw,Lotta,Fisico,Classe,V,60,90%,10 (MAX 16)
128,Clamp,Acqua,Fisico,Grinta,I,35,85%,15 (MAX 24)
691,Clanging Scales,Drago,Speciale,???,VII,110,100%,5 (MAX 8)
775,Clangorous Soul,Drago,Stato,???,VIII,—,100%,5 (MAX 8)
728,Clangorous Soulblaze ,Drago,Speciale,???,VII,185,—%,1
499,Clear Smog,Veleno,Speciale,Bellezza,V,50,—%,15 (MAX 24)
370,Close Combat,Lotta,Fisico,Grinta,IV,120,100%,5 (MAX 8)
811,Coaching,Lotta,Stato,???,VIII,—,–%,10 (MAX 16)
489,Coil,Veleno,Stato,Grinta,V,—,–%,20 (MAX 32)
878,Collision Course,Lotta,Fisico,???,IX,100,100%,5 (MAX 8)
899,Combat Torque,Lotta,Fisico,???,IX,100,100%,10 (MAX 16)
4,Comet Punch,Normale,Fisico,Grinta,I,18,85%,15 (MAX 24)
894,Comeuppance,Buio,Fisico,???,IX,—,100%,10 (MAX 16)
590,Confide,Normale,Stato,Grazia,VI,—,—%,20 (MAX 32)
109,Confuse Ray,Spettro,Stato,Acume,I,—,100%,10 (MAX 16)
93,Confusion,Psico,Speciale,Acume,I,50,100%,25 (MAX 40)
132,Constrict,Normale,Fisico,Grinta,I,10,100%,35 (MAX 56)
632,Continental Crush,Roccia,Fisico,???,VII,Variabile,—%,1
633,Continental Crush,Roccia,Speciale,???,VII,Variabile,—%,1
160,Conversion,Normale,Stato,Bellezza,I,—,–%,30 (MAX 48)
176,Conversion 2,Normale,Stato,Bellezza,II,—,–%,30 (MAX 48)
383,Copycat,Normale,Stato,Grazia,IV,—,–%,20 (MAX 32)
687,Core Enforcer,Drago,Speciale,???,VII,100,100%,10 (MAX 16)
638,Corkscrew Crash,Acciaio,Fisico,???,VII,Variabile,—%,1
639,Corkscrew Crash,Acciaio,Speciale,???,VII,Variabile,—%,1
810,Corrosive Gas,Veleno,Stato,???,VIII,—,100%,40 (MAX 64)
322,Cosmic Power,Psico,Stato,Bellezza,III,—,–%,20 (MAX 32)
538,Cotton Guard,Erba,Stato,Grazia,V,—,–%,10 (MAX 16)
178,Cotton Spore,Erba,Stato,Bellezza,II,—,100%,40 (MAX 64)
68,Counter,Lotta,Fisico,Grinta,I,Variabile,100%,20 (MAX 32)
756,Court Change,Normale,Stato,???,VIII,—,100%,10 (MAX 16)
343,Covet,Normale,Fisico,Grazia,III,60,100%,25 (MAX 40)
152,Crabhammer,Acqua,Fisico,Grinta,I,100,90%,10 (MAX 16)
578,Crafty Shield,Folletto,Stato,Acume,VI,—,—%,10 (MAX 16)
238,Cross Chop,Lotta,Fisico,Classe,II,100,80%,5 (MAX 8)
440,Cross Poison,Veleno,Fisico,Classe,IV,70,100%,20 (MAX 32)
242,Crunch,Buio,Fisico,Grinta,II,80,100%,15 (MAX 24)
306,Crush Claw,Normale,Fisico,Classe,III,75,95%,10 (MAX 16)
462,Crush Grip,Normale,Fisico,Grinta,IV,Variabile,100%,5 (MAX 8)
174,Curse,Spettro,Stato,Grinta,II,—,–%,10 (MAX 16)
15,Cut,Normale,Fisico,Classe,I,50,95%,30 (MAX 48)
399,Dark Pulse,Buio,Speciale,Classe,IV,80,100%,15 (MAX 24)
464,Dark Void,Buio,Stato,Acume,IV,—,50%,10 (MAX 16)
663,Darkest Lariat,Buio,Fisico,???,VII,85,100%,10 (MAX 16)
605,Dazzling Gleam,Folletto,Speciale,Bellezza,VI,80,100%,10 (MAX 16)
777,Decorate,Folletto,Stato,???,VIII,—,–%,15 (MAX 24)
455,Defend Order,Coleottero,Stato,Acume,IV,—,–%,10 (MAX 16)
111,Defense Curl,Normale,Stato,Grazia,I,—,–%,40 (MAX 64)
432,Defog,Volante,Stato,Classe,IV,—,–%,15 (MAX 24)
194,Destiny Bond,Spettro,Stato,Acume,II,—,–%,5 (MAX 8)
197,Detect,Lotta,Stato,Classe,II,—,–%,5 (MAX 8)
652,Devastating Drake,Drago,Fisico,???,VII,Variabile,—%,1
653,Devastating Drake,Drago,Speciale,???,VII,Variabile,—%,1
591,Diamond Storm,Roccia,Fisico,Bellezza,VI,100,95%,5 (MAX 8)
91,Dig,Terra,Fisico,Grinta,I,80,100%,10 (MAX 16)
827,Dire Claw,Veleno,Fisico,???,VIII,60,100%,15 (MAX 24)
50,Disable,Normale,Stato,Acume,I,—,100%,20 (MAX 32)
574,Disarming Voice,Folletto,Speciale,Grazia,VI,40,—%,15 (MAX 24)
435,Discharge,Elettro,Speciale,Bellezza,IV,80,100%,15 (MAX 24)
291,Dive,Acqua,Fisico,Bellezza,III,80,100%,10 (MAX 16)
146,Dizzy Punch,Normale,Fisico,Grazia,I,70,100%,10 (MAX 16)
867,Doodle,Normale,Stato,???,IX,—,100%,10 (MAX 16)
353,Doom Desire,Acciaio,Speciale,Bellezza,III,140,100%,5 (MAX 8)
458,Double Hit,Normale,Fisico,Classe,IV,35,90%,10 (MAX 16)
742,Double Iron Bash,Acciaio,Fisico,???,VII,60,100%,5 (MAX 8)
24,Double Kick,Lotta,Fisico,Classe,I,30,100%,30 (MAX 48)
892,Double Shock,Elettro,Fisico,???,IX,120,100%,5 (MAX 8)
3,Double Slap,Normale,Fisico,Grazia,I,15,85%,10 (MAX 16)
104,Double Team,Normale,Stato,Classe,I,—,–%,15 (MAX 24)
38,Double-Edge,Normale,Fisico,Grinta,I,120,100%,15 (MAX 24)
434,Draco Meteor,Drago,Speciale,Bellezza,IV,130,90%,5 (MAX 8)
620,Dragon Ascent,Volante,Fisico,Bellezza,VI,120,100%,5 (MAX 8)
225,Dragon Breath,Drago,Speciale,Classe,II,60,100%,20 (MAX 32)
337,Dragon Claw,Drago,Fisico,Classe,III,80,100%,15 (MAX 24)
349,Dragon Dance,Drago,Stato,Classe,III,—,–%,20 (MAX 32)
751,Dragon Darts,Drago,Fisico,???,VIII,50,100%,10 (MAX 16)
820,Dragon Energy,Drago,Speciale,???,VIII,150,100%,5 (MAX 8)
692,Dragon Hammer,Drago,Fisico,???,VII,90,100%,15 (MAX 24)
406,Dragon Pulse,Drago,Speciale,Bellezza,IV,85,100%,10 (MAX 16)
82,Dragon Rage,Drago,Speciale,Classe,I,40 PS,100%,10 (MAX 16)
407,Dragon Rush,Drago,Fisico,Grinta,IV,100,75%,10 (MAX 16)
525,Dragon Tail,Drago,Fisico,Grinta,V,60,90%,10 (MAX 16)
409,Drain Punch,Lotta,Fisico,Grinta,IV,75,100%,10 (MAX 16)
577,Draining Kiss,Folletto,Speciale,Grazia,VI,50,100%,10 (MAX 16)
138,Dream Eater,Psico,Speciale,Acume,I,100,100%,15 (MAX 24)
65,Drill Peck,Volante,Fisico,Classe,I,80,100%,20 (MAX 32)
529,Drill Run,Terra,Fisico,Grinta,V,80,95%,10 (MAX 16)
778,Drum Beating,Erba,Fisico,???,VIII,80,100%,10 (MAX 16)
530,Dual Chop,Drago,Fisico,Grinta,V,40,90%,15 (MAX 24)
814,Dual Wingbeat,Volante,Fisico,???,VIII,40,90%,10 (MAX 16)
744,Dynamax Cannon,Drago,Speciale,???,VIII,100,100%,5 (MAX 8)
223,Dynamic Punch,Lotta,Fisico,Classe,II,100,50%,5 (MAX 8)
414,Earth Power,Terra,Speciale,Bellezza,IV,90,100%,10 (MAX 16)
89,Earthquake,Terra,Fisico,Grinta,I,100,100%,10 (MAX 16)
497,Echoed Voice,Normale,Speciale,Bellezza,V,40,100%,15 (MAX 24)
598,Eerie Impulse,Elettro,Stato,Acume,VI,—,100%,15 (MAX 24)
826,Eerie Spell,Psico,Speciale,???,VIII,80,100%,5 (MAX 8)
121,Egg Bomb,Normale,Fisico,Grazia,I,100,75%,10 (MAX 16)
604,Electric Terrain,Elettro,Stato,Acume,VI,—,—%,10 (MAX 16)
582,Electrify,Elettro,Stato,Acume,VI,—,—%,20 (MAX 32)
486,Electro Ball,Elettro,Speciale,Classe,V,Variabile,100%,10 (MAX 16)
879,Electro Drift,Elettro,Speciale,???,IX,100,100%,5 (MAX 8)
527,Electroweb,Elettro,Speciale,Bellezza,V,55,95%,15 (MAX 24)
373,Embargo,Buio,Stato,Acume,IV,—,100%,15 (MAX 24)
52,Ember,Fuoco,Speciale,Grazia,I,40,100%,25 (MAX 40)
227,Encore,Normale,Stato,Grazia,II,—,100%,5 (MAX 8)
283,Endeavor,Normale,Fisico,Grinta,III,Variabile,100%,5 (MAX 8)
203,Endure,Normale,Stato,Grinta,II,—,–%,10 (MAX 16)
412,Energy Ball,Erba,Speciale,Bellezza,IV,90,100%,10 (MAX 16)
494,Entrainment,Normale,Stato,Grazia,V,—,100%,15 (MAX 24)
284,Eruption,Fuoco,Speciale,Bellezza,III,Variabile,100%,5 (MAX 8)
840,Esper Wing,Psico,Speciale,???,VIII,75,90%,10 (MAX 16)
795,Eternabeam,Drago,Speciale,???,VIII,160,90%,5 (MAX 8)
797,Expanding Force,Psico,Speciale,???,VIII,80,100%,10 (MAX 16)
153,Explosion,Normale,Fisico,Bellezza,I,250,100%,5 (MAX 8)
326,Extrasensory,Psico,Speciale,Classe,III,80,100%,20 (MAX 32)
702,Extreme Evoboost,Normale,Stato,???,VII,—,–%,1
245,Extreme Speed,Normale,Fisico,Classe,II,80,100%,5 (MAX 8)
263,Facade,Normale,Fisico,Grazia,III,70,100%,20 (MAX 32)
587,Fairy Lock,Folletto,Stato,Acume,VI,—,—%,10 (MAX 16)
584,Fairy Wind,Folletto,Speciale,Bellezza,VI,40,100%,30 (MAX 48)
252,Fake Out,Normale,Fisico,Grazia,III,40,100%,10 (MAX 16)
313,Fake Tears,Buio,Stato,Grazia,III,—,100%,20 (MAX 32)
793,False Surrender,Buio,Fisico,???,VIII,80,—%,10 (MAX 16)
206,False Swipe,Normale,Fisico,Classe,II,40,100%,40 (MAX 64)
297,Feather Dance,Volante,Stato,Bellezza,III,—,100%,15 (MAX 24)
364,Feint,Normale,Fisico,Acume,IV,30,100%,10 (MAX 16)
185,Feint Attack,Buio,Fisico,Acume,II,60,—%,20 (MAX 32)
565,Fell Stinger,Coleottero,Fisico,Classe,VI,50,100%,25 (MAX 40)
552,Fiery Dance,Fuoco,Speciale,Bellezza,V,80,100%,10 (MAX 16)
822,Fiery Wrath,Buio,Speciale,???,VIII,90,100%,10 (MAX 16)
868,Fillet Away,Normale,Stato,???,IX,—,—%,10 (MAX 16)
515,Final Gambit,Lotta,Speciale,Grinta,V,Variabile,100%,5 (MAX 8)
126,Fire Blast,Fuoco,Speciale,Bellezza,I,110,85%,5 (MAX 8)
424,Fire Fang,Fuoco,Fisico,Classe,IV,65,95%,15 (MAX 24)
680,Fire Lash,Fuoco,Fisico,???,VII,80,100%,15 (MAX 24)
519,Fire Pledge,Fuoco,Speciale,Bellezza,V,80,100%,10 (MAX 16)
7,Fire Punch,Fuoco,Fisico,Grinta,I,75,100%,15 (MAX 24)
83,Fire Spin,Fuoco,Speciale,Bellezza,I,35,85%,15 (MAX 24)
660,First Impression,Coleottero,Fisico,???,VII,90,100%,10 (MAX 16)
755,Fishious Rend,Acqua,Fisico,???,VIII,85,100%,10 (MAX 16)
90,Fissure,Terra,Fisico,Grinta,I,OHKO,—%,5 (MAX 8)
175,Flail,Normale,Fisico,Grazia,II,Variabile,100%,15 (MAX 24)
481,Flame Burst,Fuoco,Speciale,Bellezza,V,70,100%,15 (MAX 24)
488,Flame Charge,Fuoco,Fisico,Classe,V,50,100%,20 (MAX 32)
172,Flame Wheel,Fuoco,Fisico,Bellezza,II,60,100%,25 (MAX 40)
53,Flamethrower,Fuoco,Speciale,Bellezza,I,90,100%,15 (MAX 24)
394,Flare Blitz,Fuoco,Fisico,Classe,IV,120,100%,15 (MAX 24)
148,Flash,Normale,Stato,Bellezza,I,—,100%,20 (MAX 32)
430,Flash Cannon,Acciaio,Speciale,Bellezza,IV,80,100%,10 (MAX 16)
260,Flatter,Buio,Stato,Acume,III,—,100%,15 (MAX 24)
705,Fleur Cannon,Folletto,Speciale,???,VII,130,90%,5 (MAX 8)
374,Fling,Buio,Fisico,Grazia,IV,Variabile,100%,10 (MAX 16)
812,Flip Turn,Acqua,Fisico,???,VIII,60,100%,20 (MAX 32)
731,Floaty Fall,Volante,Fisico,???,VII,90,95%,15 (MAX 24)
666,Floral Healing,Folletto,Stato,???,VII,—,–%,10 (MAX 16)
579,Flower Shield,Folletto,Stato,Bellezza,VI,—,—%,10 (MAX 16)
870,Flower Trick,Erba,Fisico,???,IX,70,—%,10 (MAX 16)
19,Fly,Volante,Fisico,Acume,I,90,95%,15 (MAX 24)
560,Flying Press,Lotta,Fisico,Grinta,VI,100,95%,10 (MAX 16)
411,Focus Blast,Lotta,Speciale,Classe,IV,120,70%,5 (MAX 8)
116,Focus Energy,Normale,Stato,Classe,I,—,–%,30 (MAX 48)
264,Focus Punch,Lotta,Fisico,Grinta,III,150,100%,20 (MAX 32)
266,Follow Me,Normale,Stato,Grazia,III,—,–%,20 (MAX 32)
395,Force Palm,Lotta,Fisico,Classe,IV,60,100%,10 (MAX 16)
193,Foresight,Normale,Stato,Acume,II,—,–%,40 (MAX 64)
571,Forest's Curse,Erba,Stato,Acume,VI,—,100%,20 (MAX 32)
492,Foul Play,Buio,Fisico,Acume,V,95,100%,15 (MAX 24)
553,Freeze Shock,Ghiaccio,Fisico,Bellezza,V,140,90%,5 (MAX 8)
573,Freeze-Dry,Ghiaccio,Speciale,Bellezza,VI,70,100%,20 (MAX 32)
821,Freezing Glare,Psico,Speciale,???,VIII,90,100%,10 (MAX 16)
739,Freezy Frost,Ghiaccio,Speciale,???,VII,100,90%,10 (MAX 16)
338,Frenzy Plant,Erba,Speciale,Classe,III,150,90%,5 (MAX 8)
524,Frost Breath,Ghiaccio,Speciale,Bellezza,V,60,90%,10 (MAX 16)
218,Frustration,Normale,Fisico,Grazia,II,Variabile,100%,20 (MAX 32)
31,Fury Attack,Normale,Fisico,Classe,I,15,85%,20 (MAX 32)
210,Fury Cutter,Coleottero,Fisico,Classe,II,40,95%,20 (MAX 32)
154,Fury Swipes,Normale,Fisico,Grinta,I,18,80%,15 (MAX 24)
559,Fusion Bolt,Elettro,Fisico,Classe,V,100,100%,5 (MAX 8)
558,Fusion Flare,Fuoco,Speciale,Bellezza,V,100,100%,5 (MAX 8)
248,Future Sight,Psico,Speciale,Acume,II,120,100%,10 (MAX 16)
380,Gastro Acid,Veleno,Stato,Grinta,IV,—,100%,10 (MAX 16)
544,Gear Grind,Acciaio,Fisico,Acume,V,50,85%,15 (MAX 24)
674,Gear Up,Acciaio,Stato,???,VII,—,–%,20 (MAX 32)
703,Genesis Supernova,Psico,Speciale,???,VII,185,—%,1
601,Geomancy,Folletto,Stato,Bellezza,VI,—,—%,10 (MAX 16)
202,Giga Drain,Erba,Speciale,Acume,II,75,100%,10 (MAX 16)
416,Giga Impact,Normale,Fisico,Grinta,IV,150,90%,5 (MAX 8)
893,Gigaton Hammer,Acciaio,Fisico,???,IX,160,100%,5 (MAX 8)
646,Gigavolt Havoc,Elettro,Fisico,???,VII,Variabile,—%,1
647,Gigavolt Havoc,Elettro,Speciale,???,VII,Variabile,—%,1
824,Glacial Lance,Ghiaccio,Fisico,???,VIII,130,100%,5 (MAX 8)
549,Glaciate,Ghiaccio,Speciale,Bellezza,V,65,95%,10 (MAX 16)
862,Glaive Rush,Drago,Fisico,???,IX,120,100%,5 (MAX 8)
137,Glare,Normale,Stato,Grinta,I,—,100%,30 (MAX 48)
736,Glitzy Glow,Psico,Speciale,???,VII,80,95%,15 (MAX 24)
447,Grass Knot,Erba,Speciale,Grazia,IV,Variabile,100%,20 (MAX 32)
520,Grass Pledge,Erba,Speciale,Bellezza,V,80,100%,10 (MAX 16)
320,Grass Whistle,Erba,Stato,Acume,III,—,55%,15 (MAX 24)
803,Grassy Glide,Erba,Fisico,???,VIII,70,100%,20 (MAX 32)
580,Grassy Terrain,Erba,Stato,Bellezza,VI,—,—%,10 (MAX 16)
788,Grav Apple,Erba,Fisico,???,VIII,80,100%,10 (MAX 16)
356,Gravity,Psico,Stato,Acume,IV,—,–%,5 (MAX 8)
45,Growl,Normale,Stato,Grazia,I,—,100%,40 (MAX 64)
74,Growth,Normale,Stato,Bellezza,I,—,–%,20 (MAX 32)
288,Grudge,Spettro,Stato,Grinta,III,—,–%,5 (MAX 8)
470,Guard Split,Psico,Stato,Acume,V,—,–%,10 (MAX 16)
385,Guard Swap,Psico,Stato,Acume,IV,—,–%,10 (MAX 16)
698,Guardian of Alola,Folletto,Speciale,???,VII,—,–%,1
12,Guillotine,Normale,Fisico,Classe,I,OHKO,—%,5 (MAX 8)
441,Gunk Shot,Veleno,Fisico,Grinta,IV,120,80%,5 (MAX 8)
16,Gust,Volante,Speciale,Acume,I,40,100%,35 (MAX 56)
360,Gyro Ball,Acciaio,Fisico,Classe,IV,Variabile,100%,5 (MAX 8)
258,Hail,Ghiaccio,Stato,Bellezza,III,—,–%,10 (MAX 16)
359,Hammer Arm,Lotta,Fisico,Grinta,IV,100,90%,10 (MAX 16)
603,Happy Hour,Normale,Stato,Grazia,VI,—,—%,30 (MAX 48)
106,Harden,Normale,Stato,Grinta,I,—,–%,30 (MAX 48)
114,Haze,Ghiaccio,Stato,Bellezza,I,—,–%,30 (MAX 48)
543,Head Charge,Normale,Fisico,Grinta,V,120,100%,15 (MAX 24)
457,Head Smash,Roccia,Fisico,Grinta,IV,150,80%,5 (MAX 8)
29,Headbutt,Normale,Fisico,Grinta,I,70,100%,15 (MAX 24)
838,Headlong Rush,Terra,Fisico,???,VIII,100,100%,5 (MAX 8)
215,Heal Bell,Normale,Stato,Bellezza,II,—,–%,5 (MAX 8)
377,Heal Block,Psico,Stato,Acume,IV,—,100%,15 (MAX 24)
456,Heal Order,Coleottero,Stato,Acume,IV,—,–%,10 (MAX 16)
505,Heal Pulse,Psico,Stato,Bellezza,V,—,–%,10 (MAX 16)
361,Healing Wish,Psico,Stato,Bellezza,IV,—,–%,10 (MAX 16)
531,Heart Stamp,Psico,Fisico,Grazia,V,60,100%,25 (MAX 40)
391,Heart Swap,Psico,Stato,Acume,IV,—,–%,10 (MAX 16)
535,Heat Crash,Fuoco,Fisico,Grinta,V,Variabile,100%,10 (MAX 16)
257,Heat Wave,Fuoco,Speciale,Bellezza,III,95,90%,10 (MAX 16)
484,Heavy Slam,Acciaio,Fisico,Grinta,V,Variabile,100%,10 (MAX 16)
270,Helping Hand,Normale,Stato,Acume,III,—,–%,20 (MAX 32)
506,Hex,Spettro,Speciale,Acume,V,65,100%,10 (MAX 16)
237,Hidden Power,Normale,Speciale,Acume,II,60,100%,15 (MAX 24)
667,High Horsepower,Terra,Fisico,???,VII,95,95%,10 (MAX 16)
136,High Jump Kick,Lotta,Fisico,Classe,I,130,90%,10 (MAX 16)
610,Hold Back,Normale,Fisico,Classe,VI,40,100%,40 (MAX 64)
607,Hold Hands,Normale,Stato,Grazia,VI,—,—%,40 (MAX 64)
468,Hone Claws,Buio,Stato,Grazia,V,—,–%,15 (MAX 24)
30,Horn Attack,Normale,Fisico,Classe,I,65,100%,25 (MAX 40)
32,Horn Drill,Normale,Fisico,Classe,I,OHKO,—%,5 (MAX 8)
532,Horn Leech,Erba,Fisico,Grinta,V,75,100%,10 (MAX 16)
336,Howl,Normale,Stato,Classe,III,—,–%,40 (MAX 64)
542,Hurricane,Volante,Speciale,Grinta,V,110,70%,10 (MAX 16)
308,Hydro Cannon,Acqua,Speciale,Bellezza,III,150,90%,5 (MAX 8)
56,Hydro Pump,Acqua,Speciale,Bellezza,I,110,80%,5 (MAX 8)
876,Hydro Steam,Normale,Fisico,???,IX,40,100%,35 (MAX 56)
642,Hydro Vortex,Acqua,Fisico,???,VII,Variabile,—%,1
643,Hydro Vortex,Acqua,Speciale,???,VII,Variabile,—%,1
63,Hyper Beam,Normale,Speciale,Classe,I,150,90%,5 (MAX 8)
887,Hyper Drill,Normale,Fisico,???,IX,100,100%,5 (MAX 8)
158,Hyper Fang,Normale,Fisico,Classe,I,80,90%,15 (MAX 24)
304,Hyper Voice,Normale,Speciale,Classe,III,90,100%,10 (MAX 16)
621,Hyperspace Fury,Buio,Fisico,Grinta,VI,100,—%,5 (MAX 8)
593,Hyperspace Hole,Psico,Speciale,Acume,VI,80,—%,5 (MAX 8)
95,Hypnosis,Psico,Stato,Acume,I,—,60%,20 (MAX 32)
301,Ice Ball,Ghiaccio,Fisico,Bellezza,III,30,90%,20 (MAX 32)
58,Ice Beam,Ghiaccio,Speciale,Bellezza,I,90,100%,10 (MAX 16)
554,Ice Burn,Ghiaccio,Speciale,Bellezza,V,140,90%,5 (MAX 8)
423,Ice Fang,Ghiaccio,Fisico,Classe,IV,65,95%,15 (MAX 24)
665,Ice Hammer,Ghiaccio,Fisico,???,VII,100,90%,10 (MAX 16)
8,Ice Punch,Ghiaccio,Fisico,Bellezza,I,75,100%,15 (MAX 24)
420,Ice Shard,Ghiaccio,Fisico,Bellezza,IV,40,100%,30 (MAX 48)
861,Ice Spinner,Ghiaccio,Fisico,???,IX,80,100%,15 (MAX 24)
556,Icicle Crash,Ghiaccio,Fisico,Bellezza,V,85,90%,10 (MAX 16)
333,Icicle Spear,Ghiaccio,Fisico,Bellezza,III,25,100%,30 (MAX 48)
196,Icy Wind,Ghiaccio,Speciale,Bellezza,II,55,95%,15 (MAX 24)
286,Imprison,Psico,Stato,Acume,III,—,–%,10 (MAX 16)
510,Incinerate,Fuoco,Speciale,Grinta,V,60,100%,15 (MAX 24)
844,Infernal Parade,Spettro,Speciale,???,VIII,60,100%,15 (MAX 24)
517,Inferno,Fuoco,Speciale,Bellezza,V,100,50%,5 (MAX 8)
640,Inferno Overdrive,Fuoco,Fisico,???,VII,Variabile,—%,1
641,Inferno Overdrive,Fuoco,Speciale,???,VII,Variabile,—%,1
611,Infestation,Coleottero,Speciale,Grazia,VI,20,100%,20 (MAX 32)
275,Ingrain,Erba,Stato,Acume,III,—,–%,20 (MAX 32)
689,Instruct,Psico,Stato,???,VII,—,–%,15 (MAX 24)
569,Ion Deluge,Elettro,Stato,Bellezza,VI,—,—%,25 (MAX 40)
334,Iron Defense,Acciaio,Stato,Grinta,III,—,–%,15 (MAX 24)
442,Iron Head,Acciaio,Fisico,Grinta,IV,80,100%,15 (MAX 24)
231,Iron Tail,Acciaio,Fisico,Classe,II,100,75%,15 (MAX 24)
746,Jaw Lock,Buio,Fisico,???,VIII,80,100%,10 (MAX 16)
857,Jet Punch,Acqua,Fisico,???,IX,60,100%,15 (MAX 24)
449,Judgment,Normale,Speciale,Bellezza,IV,100,100%,10 (MAX 16)
26,Jump Kick,Lotta,Fisico,Classe,I,100,95%,10 (MAX 16)
816,Jungle Healing,Erba,Stato,???,VIII,—,–%,10 (MAX 16)
2,Karate Chop,Lotta,Fisico,Grinta,I,50,100%,25 (MAX 40)
134,Kinesis,Psico,Stato,Acume,I,—,80%,15 (MAX 24)
588,King's Shield,Acciaio,Stato,Classe,VI,—,—%,10 (MAX 16)
282,Knock Off,Buio,Fisico,Acume,III,65,100%,20 (MAX 32)
869,Kowtow Cleave,Buio,Fisico,???,IX,85,—%,10 (MAX 16)
616,Land's Wrath,Terra,Fisico,Bellezza,VI,90,100%,10 (MAX 16)
673,Laser Focus,Normale,Stato,???,VII,—,–%,30 (MAX 48)
808,Lash Out,Buio,Fisico,???,VIII,75,100%,5 (MAX 8)
387,Last Resort,Normale,Fisico,Grazia,IV,140,100%,5 (MAX 8)
854,Last Respects,Spettro,Fisico,???,IX,50,100%,10 (MAX 16)
436,Lava Plume,Fuoco,Speciale,Grinta,IV,80,100%,15 (MAX 24)
348,Leaf Blade,Erba,Fisico,Classe,III,90,100%,15 (MAX 24)
437,Leaf Storm,Erba,Speciale,Bellezza,IV,130,90%,5 (MAX 8)
536,Leaf Tornado,Erba,Speciale,Classe,V,65,90%,10 (MAX 16)
670,Leafage,Erba,Fisico,???,VII,40,100%,40 (MAX 64)
141,Leech Life,Coleottero,Fisico,Acume,I,80,100%,10 (MAX 16)
73,Leech Seed,Erba,Stato,Acume,I,—,90%,10 (MAX 16)
43,Leer,Normale,Stato,Classe,I,—,100%,30 (MAX 48)
726,Let's Snuggle Forever,Folletto,Fisico,???,VII,190,—%,1
122,Lick,Spettro,Fisico,Grazia,I,30,100%,30 (MAX 48)
791,Life Dew,Acqua,Stato,???,VIII,—,–%,10 (MAX 16)
617,Light of Ruin,Folletto,Speciale,Bellezza,VI,140,90%,5 (MAX 8)
113,Light Screen,Psico,Stato,Bellezza,I,—,–%,30 (MAX 48)
723,Light That Burns the Sky,Psico,Speciale,???,VII,200,—%,1
710,Liquidation,Acqua,Fisico,???,VII,85,100%,10 (MAX 16)
199,Lock-On,Normale,Stato,Acume,II,—,–%,5 (MAX 8)
142,Lovely Kiss,Normale,Stato,Bellezza,I,—,75%,10 (MAX 16)
67,Low Kick,Lotta,Fisico,Grinta,I,Variabile,100%,20 (MAX 32)
490,Low Sweep,Lotta,Fisico,Acume,V,65,100%,20 (MAX 32)
381,Lucky Chant,Normale,Stato,Grazia,IV,—,–%,30 (MAX 48)
855,Lumina Crash,Psico,Speciale,???,IX,80,100%,10 (MAX 16)
849,Lunar Blessing,Psico,Stato,???,VIII,—,—%,10 (MAX 16)
461,Lunar Dance,Psico,Stato,Bellezza,IV,—,–%,10 (MAX 16)
679,Lunge,Coleottero,Fisico,???,VII,80,100%,15 (MAX 24)
295,Luster Purge,Psico,Speciale,Acume,III,70,100%,5 (MAX 8)
183,Mach Punch,Lotta,Fisico,Classe,II,40,100%,30 (MAX 48)
277,Magic Coat,Psico,Stato,Bellezza,III,—,–%,15 (MAX 24)
750,Magic Powder,Psico,Stato,???,VIII,—,100%,20 (MAX 32)
478,Magic Room,Psico,Stato,Acume,V,—,–%,10 (MAX 16)
345,Magical Leaf,Erba,Speciale,Bellezza,III,60,—%,20 (MAX 32)
900,Magical Torque,Folletto,Fisico,???,IX,100,100%,10 (MAX 16)
463,Magma Storm,Fuoco,Speciale,Grinta,IV,100,75%,5 (MAX 8)
443,Magnet Bomb,Acciaio,Fisico,Classe,IV,60,—%,20 (MAX 32)
393,Magnet Rise,Elettro,Stato,Acume,IV,—,–%,10 (MAX 16)
602,Magnetic Flux,Elettro,Stato,Acume,VI,—,—%,20 (MAX 32)
222,Magnitude,Terra,Fisico,Grinta,II,Variabile,100%,30 (MAX 48)
874,Make It Rain,Acciaio,Speciale,???,IX,120,100%,5 (MAX 8)
696,Malicious Moonsault,Buio,Fisico,???,VII,180,—%,1
561,Mat Block,Lotta,Stato,Classe,VI,—,—%,10 (MAX 16)
766,Max Airstream,Volante,Fisico,???,VIII,Variabile,—%,Variabili
772,Max Darkness,Buio,Fisico,???,VIII,Variabile,—%,Variabili
757,Max Flare,Fuoco,Fisico,???,VIII,Variabile,—%,Variabili
758,Max Flutterby,Coleottero,Fisico,???,VIII,Variabile,—%,Variabili
765,Max Geyser,Acqua,Fisico,???,VIII,Variabile,—%,Variabili
743,Max Guard,Normale,Stato,???,VIII,—,–%,Variabili
763,Max Hailstorm,Ghiaccio,Fisico,???,VIII,Variabile,—%,Variabili
761,Max Knuckle,Lotta,Fisico,???,VIII,Variabile,—%,Variabili
759,Max Lightning,Elettro,Fisico,???,VIII,Variabile,—%,Variabili
769,Max Mindstorm,Psico,Fisico,???,VIII,Variabile,—%,Variabili
764,Max Ooze,Veleno,Fisico,???,VIII,Variabile,—%,Variabili
773,Max Overgrowth,Erba,Fisico,???,VIII,Variabile,—%,Variabili
762,Max Phantasm,Spettro,Fisico,???,VIII,Variabile,—%,Variabili
771,Max Quake,Terra,Fisico,???,VIII,Variabile,—%,Variabili
770,Max Rockfall,Roccia,Fisico,???,VIII,Variabile,—%,Variabili
767,Max Starfall,Folletto,Fisico,???,VIII,Variabile,—%,Variabili
774,Max Steelspike,Acciaio,Fisico,???,VIII,Variabile,—%,Variabili
760,Max Strike,Normale,Fisico,???,VIII,Variabile,—%,Variabili
768,Max Wyrmwind,Drago,Fisico,???,VIII,Variabile,—%,Variabili
382,Me First,Normale,Stato,Acume,IV,—,–%,20 (MAX 32)
212,Mean Look,Normale,Stato,Bellezza,II,—,–%,5 (MAX 8)
96,Meditate,Psico,Stato,Bellezza,I,—,–%,40 (MAX 64)
72,Mega Drain,Erba,Speciale,Acume,I,40,100%,15 (MAX 24)
25,Mega Kick,Normale,Fisico,Classe,I,120,75%,5 (MAX 8)
5,Mega Punch,Normale,Fisico,Grinta,I,80,85%,20 (MAX 32)
224,Megahorn,Coleottero,Fisico,Classe,II,120,85%,10 (MAX 16)
262,Memento,Buio,Stato,Grinta,III,—,100%,10 (MAX 16)
725,Menacing Moonraze Maelstrom,Spettro,Speciale,???,VII,200,—%,1
368,Metal Burst,Acciaio,Fisico,Classe,IV,Variabile,100%,10 (MAX 16)
232,Metal Claw,Acciaio,Fisico,Classe,II,50,95%,35 (MAX 56)
319,Metal Sound,Acciaio,Stato,Acume,III,—,85%,40 (MAX 64)
794,Meteor Assault,Lotta,Fisico,???,VIII,150,100%,5 (MAX 8)
800,Meteor Beam,Roccia,Speciale,???,VIII,120,90%,10 (MAX 16)
309,Meteor Mash,Acciaio,Fisico,Classe,III,90,90%,10 (MAX 16)
118,Metronome,Normale,Stato,Grazia,I,—,–%,10 (MAX 16)
208,Milk Drink,Normale,Stato,Grazia,II,—,–%,10 (MAX 16)
102,Mimic,Normale,Stato,Grazia,I,—,–%,10 (MAX 16)
720,Mind Blown,Fuoco,Speciale,???,VII,150,100%,5 (MAX 8)
170,Mind Reader,Normale,Stato,Acume,II,—,–%,5 (MAX 8)
107,Minimize,Normale,Stato,Grazia,I,—,–%,10 (MAX 16)
357,Miracle Eye,Psico,Stato,Acume,IV,—,–%,40 (MAX 64)
243,Mirror Coat,Psico,Speciale,Bellezza,II,Variabile,100%,20 (MAX 32)
119,Mirror Move,Volante,Stato,Acume,I,—,–%,20 (MAX 32)
429,Mirror Shot,Acciaio,Speciale,Bellezza,IV,65,85%,10 (MAX 16)
54,Mist,Ghiaccio,Stato,Bellezza,I,—,–%,30 (MAX 48)
296,Mist Ball,Psico,Speciale,Acume,III,70,100%,5 (MAX 8)
802,Misty Explosion,Folletto,Speciale,???,VIII,100,100%,5 (MAX 8)
581,Misty Terrain,Folletto,Stato,Bellezza,VI,—,—%,10 (MAX 16)
585,Moonblast,Folletto,Speciale,Bellezza,VI,95,100%,15 (MAX 24)
714,Moongeist Beam,Spettro,Speciale,???,VII,100,100%,5 (MAX 8)
236,Moonlight,Folletto,Stato,Bellezza,II,—,–%,5 (MAX 8)
234,Morning Sun,Normale,Stato,Bellezza,II,—,–%,5 (MAX 8)
866,Mortal Spin,Veleno,Fisico,???,IX,30,100%,15 (MAX 24)
836,Mountain Gale,Ghiaccio,Fisico,???,VIII,100,85%,5 (MAX 8)
426,Mud Bomb,Terra,Speciale,Grazia,IV,65,85%,10 (MAX 16)
341,Mud Shot,Terra,Speciale,Grinta,III,55,95%,15 (MAX 24)
300,Mud Sport,Terra,Stato,Grazia,III,—,–%,15 (MAX 24)
189,Mud-Slap,Terra,Speciale,Grazia,II,20,100%,10 (MAX 16)
330,Muddy Water,Acqua,Speciale,Grinta,III,90,85%,10 (MAX 16)
718,Multi-Attack,Normale,Fisico,???,VII,90,100%,10 (MAX 16)
595,Mystical Fire,Fuoco,Speciale,Bellezza,VI,75,100%,10 (MAX 16)
832,Mystical Power,Psico,Speciale,???,VIII,70,90%,10 (MAX 16)
417,Nasty Plot,Buio,Stato,Acume,IV,—,–%,20 (MAX 32)
363,Natural Gift,Normale,Fisico,Acume,IV,Variabile,100%,15 (MAX 24)
267,Nature Power,Normale,Stato,Bellezza,III,—,–%,20 (MAX 32)
717,Nature's Madness,Folletto,Speciale,???,VII,—,90%,10 (MAX 16)
302,Needle Arm,Erba,Fisico,Acume,III,60,100%,15 (MAX 24)
636,Never-Ending Nightmare,Spettro,Fisico,???,VII,Variabile,—%,1
637,Never-Ending Nightmare,Spettro,Speciale,???,VII,Variabile,—%,1
539,Night Daze,Buio,Speciale,Classe,V,85,95%,10 (MAX 16)
101,Night Shade,Spettro,Speciale,Acume,I,Variabile,100%,15 (MAX 24)
400,Night Slash,Buio,Fisico,Classe,IV,70,100%,15 (MAX 24)
171,Nightmare,Spettro,Stato,Acume,II,—,100%,15 (MAX 24)
748,No Retreat,Lotta,Stato,???,VIII,—,–%,5 (MAX 8)
568,Noble Roar,Normale,Stato,Grinta,VI,—,100%,30 (MAX 48)
898,Noxious Torque,Veleno,Fisico,???,IX,100,100%,10 (MAX 16)
609,Nuzzle,Elettro,Fisico,Grazia,VI,20,100%,20 (MAX 32)
613,Oblivion Wing,Volante,Speciale,Classe,VI,80,100%,10 (MAX 16)
792,Obstruct,Buio,Stato,???,VIII,—,100%,10 (MAX 16)
697,Oceanic Operetta,Acqua,Speciale,???,VII,195,—%,1
190,Octazooka,Acqua,Speciale,Grinta,II,65,85%,10 (MAX 16)
753,Octolock,Lotta,Stato,???,VIII,—,100%,15 (MAX 24)
316,Odor Sleuth,Normale,Stato,Acume,III,—,–%,40 (MAX 64)
466,Ominous Wind,Spettro,Speciale,Bellezza,IV,60,100%,5 (MAX 8)
856,Order Up,Drago,Fisico,???,IX,80,100%,10 (MAX 16)
618,Origin Pulse,Acqua,Speciale,Bellezza,VI,110,85%,10 (MAX 16)
200,Outrage,Drago,Fisico,Classe,II,120,100%,10 (MAX 16)
786,Overdrive,Elettro,Speciale,???,VIII,80,100%,10 (MAX 16)
315,Overheat,Fuoco,Speciale,Bellezza,III,130,90%,5 (MAX 8)
220,Pain Split,Normale,Stato,Acume,II,—,–%,20 (MAX 32)
570,Parabolic Charge,Elettro,Speciale,Acume,VI,65,100%,20 (MAX 32)
575,Parting Shot,Buio,Stato,Classe,VI,—,100%,20 (MAX 32)
6,Pay Day,Normale,Fisico,Acume,I,40,100%,20 (MAX 32)
371,Payback,Buio,Fisico,Grinta,IV,50,100%,10 (MAX 16)
64,Peck,Volante,Fisico,Classe,I,35,100%,35 (MAX 56)
195,Perish Song,Normale,Stato,Bellezza,II,—,–%,5 (MAX 8)
572,Petal Blizzard,Erba,Fisico,Bellezza,VI,90,100%,15 (MAX 24)
80,Petal Dance,Erba,Speciale,Bellezza,I,120,100%,10 (MAX 16)
566,Phantom Force,Spettro,Fisico,Classe,VI,90,100%,10 (MAX 16)
722,Photon Geyser,Psico,Speciale,???,VII,100,100%,5 (MAX 8)
732,Pika Papow,Elettro,Speciale,???,VII,—,–%,20 (MAX 32)
42,Pin Missile,Coleottero,Fisico,Classe,I,25,95%,20 (MAX 32)
721,Plasma Fists,Elettro,Fisico,???,VII,100,100%,15 (MAX 24)
589,Play Nice,Normale,Stato,Grazia,VI,—,—%,20 (MAX 32)
583,Play Rough,Folletto,Fisico,Grazia,VI,90,90%,10 (MAX 16)
365,Pluck,Volante,Fisico,Grazia,IV,60,100%,20 (MAX 32)
305,Poison Fang,Veleno,Fisico,Acume,III,50,100%,15 (MAX 24)
139,Poison Gas,Veleno,Stato,Acume,I,—,90%,40 (MAX 64)
398,Poison Jab,Veleno,Fisico,Grinta,IV,80,100%,20 (MAX 32)
77,Poison Powder,Veleno,Stato,Acume,I,—,75%,35 (MAX 56)
40,Poison Sting,Veleno,Fisico,Acume,I,15,100%,35 (MAX 56)
342,Poison Tail,Veleno,Fisico,Acume,III,50,100%,25 (MAX 40)
676,Pollen Puff,Coleottero,Speciale,???,VII,90,100%,15 (MAX 24)
809,Poltergeist,Spettro,Fisico,???,VIII,110,90%,5 (MAX 8)
860,Population Bomb,Normale,Fisico,???,IX,20,90%,10 (MAX 16)
884,Pounce,Coleottero,Fisico,???,IX,50,100%,20 (MAX 32)
1,Pound,Normale,Fisico,Grinta,I,40,100%,35 (MAX 56)
600,Powder,Coleottero,Stato,Acume,VI,—,100%,20 (MAX 32)
181,Powder Snow,Ghiaccio,Speciale,Bellezza,II,40,100%,25 (MAX 40)
408,Power Gem,Roccia,Speciale,Bellezza,IV,80,100%,20 (MAX 32)
829,Power Shift,Normale,Stato,???,VIII,—,—%,10 (MAX 16)
471,Power Split,Psico,Stato,Acume,V,—,–%,10 (MAX 16)
384,Power Swap,Psico,Stato,Acume,IV,—,–%,10 (MAX 16)
379,Power Trick,Psico,Stato,Acume,IV,—,–%,10 (MAX 16)
681,Power Trip,Buio,Fisico,???,VII,20,100%,10 (MAX 16)
438,Power Whip,Erba,Fisico,Grinta,IV,120,85%,10 (MAX 16)
612,Power-Up Punch,Lotta,Fisico,Grinta,VI,40,100%,20 (MAX 32)
619,Precipice Blades,Terra,Fisico,Classe,VI,120,85%,10 (MAX 16)
217,Present,Normale,Fisico,Grazia,II,Variabile,90%,15 (MAX 24)
711,Prismatic Laser,Psico,Speciale,???,VII,160,100%,10 (MAX 16)
182,Protect,Normale,Stato,Grazia,II,—,–%,10 (MAX 16)
60,Psybeam,Psico,Speciale,Bellezza,I,65,100%,20 (MAX 32)
875,Psyblade,Normale,Fisico,???,IX,40,100%,35 (MAX 56)
244,Psych Up,Normale,Stato,Acume,II,—,–%,10 (MAX 16)
94,Psychic,Psico,Speciale,Acume,I,90,100%,10 (MAX 16)
706,Psychic Fangs,Psico,Fisico,???,VII,85,100%,10 (MAX 16)
678,Psychic Terrain,Psico,Stato,???,VII,—,–%,10 (MAX 16)
354,Psycho Boost,Psico,Speciale,Acume,III,140,90%,5 (MAX 8)
427,Psycho Cut,Psico,Fisico,Classe,IV,70,100%,20 (MAX 32)
375,Psycho Shift,Psico,Stato,Acume,IV,—,100%,10 (MAX 16)
828,Psyshield Bash,Psico,Fisico,???,VIII,70,90%,10 (MAX 16)
473,Psyshock,Psico,Speciale,Bellezza,V,80,100%,10 (MAX 16)
540,Psystrike,Psico,Speciale,Classe,V,100,100%,10 (MAX 16)
149,Psywave,Psico,Speciale,Acume,I,Variabile,100%,15 (MAX 24)
701,Pulverizing Pancake,Normale,Fisico,???,VII,210,—%,1
386,Punishment,Buio,Fisico,Classe,IV,Variabile,100%,5 (MAX 8)
685,Purify,Veleno,Stato,???,VII,—,–%,20 (MAX 32)
228,Pursuit,Buio,Fisico,Acume,II,40,100%,20 (MAX 32)
780,Pyro Ball,Fuoco,Fisico,???,VIII,120,90%,5 (MAX 8)
511,Quash,Buio,Stato,Acume,V,—,100%,15 (MAX 24)
98,Quick Attack,Normale,Fisico,Classe,I,40,100%,30 (MAX 48)
501,Quick Guard,Lotta,Stato,Classe,V,—,–%,15 (MAX 24)
483,Quiver Dance,Coleottero,Stato,Bellezza,V,—,–%,20 (MAX 32)
99,Rage,Normale,Fisico,Grinta,I,20,100%,20 (MAX 32)
889,Rage Fist,Spettro,Fisico,???,IX,50,100%,10 (MAX 16)
476,Rage Powder,Coleottero,Stato,Acume,V,—,–%,20 (MAX 32)
873,Raging Bull,Normale,Fisico,???,IX,90,100%,10 (MAX 16)
833,Raging Fury,Fuoco,Fisico,???,VIII,90,85%,10 (MAX 16)
240,Rain Dance,Acqua,Stato,Bellezza,II,—,–%,5 (MAX 8)
229,Rapid Spin,Normale,Fisico,Classe,II,50,100%,40 (MAX 64)
75,Razor Leaf,Erba,Fisico,Classe,I,55,95%,25 (MAX 40)
534,Razor Shell,Acqua,Fisico,Classe,V,75,95%,10 (MAX 16)
13,Razor Wind,Normale,Speciale,Classe,I,80,100%,10 (MAX 16)
105,Recover,Normale,Stato,Acume,I,—,–%,10 (MAX 16)
278,Recycle,Normale,Stato,Acume,III,—,–%,10 (MAX 16)
115,Reflect,Psico,Stato,Acume,I,—,–%,20 (MAX 32)
513,Reflect Type,Normale,Stato,Acume,V,—,–%,15 (MAX 24)
287,Refresh,Normale,Stato,Grazia,III,—,–%,20 (MAX 32)
547,Relic Song,Normale,Speciale,Bellezza,V,75,100%,10 (MAX 16)
156,Rest,Psico,Stato,Grazia,I,—,–%,10 (MAX 16)
514,Retaliate,Normale,Fisico,Classe,V,70,100%,5 (MAX 8)
216,Return,Normale,Fisico,Grazia,II,Variabile,100%,20 (MAX 32)
686,Revelation Dance,Normale,Speciale,???,VII,90,100%,15 (MAX 24)
279,Revenge,Lotta,Fisico,Grinta,III,60,100%,10 (MAX 16)
179,Reversal,Lotta,Fisico,Classe,II,Variabile,100%,15 (MAX 24)
863,Revival Blessing,Normale,Stato,???,IX,—,—%,1
804,Rising Voltage,Elettro,Speciale,???,VIII,70,100%,20 (MAX 32)
46,Roar,Normale,Stato,Classe,I,—,–%,20 (MAX 32)
459,Roar of Time,Drago,Speciale,Bellezza,IV,150,90%,5 (MAX 8)
350,Rock Blast,Roccia,Fisico,Grinta,III,25,90%,10 (MAX 16)
431,Rock Climb,Normale,Fisico,Grinta,IV,90,85%,20 (MAX 32)
397,Rock Polish,Roccia,Stato,Grinta,IV,—,–%,20 (MAX 32)
157,Rock Slide,Roccia,Fisico,Grinta,I,75,90%,10 (MAX 16)
249,Rock Smash,Lotta,Fisico,Grinta,II,40,100%,15 (MAX 24)
88,Rock Throw,Roccia,Fisico,Grinta,I,50,90%,15 (MAX 24)
317,Rock Tomb,Roccia,Fisico,Acume,III,60,95%,15 (MAX 24)
439,Rock Wrecker,Roccia,Fisico,Grinta,IV,150,90%,5 (MAX 8)
272,Role Play,Psico,Stato,Grazia,III,—,–%,10 (MAX 16)
27,Rolling Kick,Lotta,Fisico,Classe,I,60,85%,15 (MAX 24)
205,Rollout,Roccia,Fisico,Grazia,II,30,90%,20 (MAX 32)
355,Roost,Volante,Stato,Acume,IV,—,–%,10 (MAX 16)
563,Rototiller,Terra,Stato,Grinta,VI,—,—%,10 (MAX 16)
496,Round,Normale,Speciale,Bellezza,V,60,100%,15 (MAX 24)
877,Ruination,Buio,Speciale,???,IX,—,90%,10 (MAX 16)
221,Sacred Fire,Fuoco,Fisico,Bellezza,II,100,95%,5 (MAX 8)
533,Sacred Sword,Lotta,Fisico,Classe,V,90,100%,15 (MAX 24)
219,Safeguard,Normale,Stato,Bellezza,II,—,–%,25 (MAX 40)
864,Salt Cure,Roccia,Fisico,???,IX,40,100%,15 (MAX 24)
28,Sand Attack,Terra,Stato,Grazia,I,—,100%,15 (MAX 24)
328,Sand Tomb,Terra,Fisico,Acume,III,35,85%,15 (MAX 24)
848,Sandsear Storm,Terra,Speciale,???,VIII,95,80%,5 (MAX 8)
201,Sandstorm,Roccia,Stato,Grinta,II,—,–%,10 (MAX 16)
738,Sappy Seed,Erba,Fisico,???,VII,100,90%,10 (MAX 16)
634,Savage Spin-Out,Coleottero,Fisico,???,VII,Variabile,—%,1
635,Savage Spin-Out,Coleottero,Speciale,???,VII,Variabile,—%,1
503,Scald,Acqua,Speciale,Grinta,V,80,100%,15 (MAX 24)
799,Scale Shot,Drago,Fisico,???,VIII,25,90%,20 (MAX 32)
184,Scary Face,Normale,Stato,Grinta,II,—,100%,10 (MAX 16)
815,Scorching Sands,Terra,Speciale,???,VIII,70,100%,10 (MAX 16)
10,Scratch,Normale,Fisico,Grinta,I,40,100%,35 (MAX 56)
103,Screech,Normale,Stato,Acume,I,—,85%,40 (MAX 64)
545,Searing Shot,Fuoco,Speciale,Classe,V,100,100%,5 (MAX 8)
724,Searing Sunraze Smash ,Acciaio,Fisico,???,VII,200,—%,1
290,Secret Power,Normale,Fisico,Acume,III,70,100%,20 (MAX 32)
548,Secret Sword,Lotta,Speciale,Bellezza,V,85,100%,10 (MAX 16)
402,Seed Bomb,Erba,Fisico,Grinta,IV,80,100%,15 (MAX 24)
465,Seed Flare,Erba,Speciale,Bellezza,IV,120,85%,5 (MAX 8)
69,Seismic Toss,Lotta,Fisico,Grinta,I,Variabile,100%,20 (MAX 32)
120,Self-Destruct,Normale,Fisico,Bellezza,I,200,100%,5 (MAX 8)
247,Shadow Ball,Spettro,Speciale,Acume,II,80,100%,15 (MAX 24)
708,Shadow Bone,Spettro,Fisico,???,VII,85,100%,10 (MAX 16)
421,Shadow Claw,Spettro,Fisico,Classe,IV,70,100%,15 (MAX 24)
467,Shadow Force,Spettro,Fisico,Classe,IV,120,100%,5 (MAX 8)
325,Shadow Punch,Spettro,Fisico,Acume,III,60,—%,20 (MAX 32)
425,Shadow Sneak,Spettro,Fisico,Acume,IV,40,100%,30 (MAX 48)
159,Sharpen,Normale,Stato,Grazia,I,—,–%,30 (MAX 48)
648,Shattered Psyche,Psico,Fisico,???,VII,Variabile,—%,1
649,Shattered Psyche,Psico,Speciale,???,VII,Variabile,—%,1
880,Shed Tail,Normale,Stato,???,IX,—,—%,10 (MAX 16)
329,Sheer Cold,Ghiaccio,Speciale,Bellezza,III,OHKO,—%,5 (MAX 8)
801,Shell Side Arm,Veleno,Speciale,???,VIII,90,100%,10 (MAX 16)
504,Shell Smash,Normale,Stato,Grinta,V,—,–%,15 (MAX 24)
704,Shell Trap,Fuoco,Speciale,???,VII,150,100%,5 (MAX 8)
842,Shelter,Acciaio,Stato,???,VIII,—,—%,10 (MAX 16)
508,Shift Gear,Acciaio,Stato,Acume,V,—,–%,10 (MAX 16)
351,Shock Wave,Elettro,Speciale,Classe,III,60,—%,20 (MAX 32)
659,Shore Up,Terra,Stato,???,VII,—,–%,10 (MAX 16)
324,Signal Beam,Coleottero,Speciale,Bellezza,III,75,100%,15 (MAX 24)
852,Silk Trap,Coleottero,Stato,???,IX,—,—%,10 (MAX 16)
318,Silver Wind,Coleottero,Speciale,Bellezza,III,60,100%,5 (MAX 8)
493,Simple Beam,Normale,Stato,Grazia,V,—,100%,15 (MAX 24)
47,Sing,Normale,Stato,Grazia,I,—,55%,15 (MAX 24)
695,Sinister Arrow Raid,Spettro,Fisico,???,VII,180,—%,1
735,Sizzly Slide,Fuoco,Fisico,???,VII,60,100%,20 (MAX 32)
166,Sketch,Normale,Stato,Acume,II,—,–%,1
285,Skill Swap,Psico,Stato,Acume,III,—,–%,10 (MAX 16)
806,Skitter Smack,Coleottero,Fisico,???,VIII,70,90%,10 (MAX 16)
130,Skull Bash,Normale,Fisico,Grinta,I,130,100%,10 (MAX 16)
143,Sky Attack,Volante,Fisico,Classe,I,140,90%,5 (MAX 8)
507,Sky Drop,Volante,Fisico,Grinta,V,60,100%,10 (MAX 16)
327,Sky Uppercut,Lotta,Fisico,Classe,III,85,90%,15 (MAX 24)
303,Slack Off,Normale,Stato,Grazia,III,—,–%,10 (MAX 16)
21,Slam,Normale,Fisico,Grinta,I,80,75%,20 (MAX 32)
163,Slash,Normale,Fisico,Classe,I,70,100%,20 (MAX 32)
79,Sleep Powder,Erba,Stato,Acume,I,—,75%,15 (MAX 24)
214,Sleep Talk,Normale,Stato,Grazia,II,—,–%,10 (MAX 16)
124,Sludge,Veleno,Speciale,Grinta,I,65,100%,20 (MAX 32)
188,Sludge Bomb,Veleno,Speciale,Grinta,II,90,100%,10 (MAX 16)
482,Sludge Wave,Veleno,Speciale,Grinta,V,95,100%,10 (MAX 16)
479,Smack Down,Roccia,Fisico,Grinta,V,50,100%,15 (MAX 24)
684,Smart Strike,Acciaio,Fisico,???,VII,70,—%,10 (MAX 16)
265,Smelling Salts,Normale,Fisico,Grinta,III,70,100%,10 (MAX 16)
123,Smog,Veleno,Speciale,Grinta,I,30,70%,20 (MAX 32)
108,Smokescreen,Normale,Stato,Acume,I,—,100%,20 (MAX 32)
779,Snap Trap,Erba,Fisico,???,VIII,35,100%,10 (MAX 16)
555,Snarl,Buio,Speciale,Grinta,V,55,95%,15 (MAX 24)
289,Snatch,Buio,Stato,Acume,III,—,100%,10 (MAX 16)
745,Snipe Shot,Acqua,Speciale,???,VIII,80,100%,15 (MAX 24)
173,Snore,Normale,Speciale,Grazia,II,50,100%,15 (MAX 24)
883,Snowscape,Ghiaccio,Stato,???,IX,—,—%,10 (MAX 16)
487,Soak,Acqua,Stato,Grazia,V,—,100%,20 (MAX 32)
135,Soft-Boiled,Normale,Stato,Grazia,I,—,–%,10 (MAX 16)
76,Solar Beam,Erba,Speciale,Classe,I,120,100%,10 (MAX 16)
669,Solar Blade,Erba,Fisico,???,VII,125,100%,10 (MAX 16)
49,Sonic Boom,Normale,Speciale,Classe,I,20 PS,90%,20 (MAX 32)
699,Soul-Stealing 7-Star Strike,Spettro,Fisico,???,VII,195,—%,1
460,Spacial Rend,Drago,Speciale,Bellezza,IV,100,95%,5 (MAX 8)
209,Spark,Elettro,Fisico,Classe,II,65,100%,20 (MAX 32)
664,Sparkling Aria,Acqua,Speciale,???,VII,90,100%,10 (MAX 16)
740,Sparkly Swirl,Folletto,Speciale,???,VII,120,85%,5 (MAX 8)
712,Spectral Thief,Spettro,Fisico,???,VII,90,100%,10 (MAX 16)
683,Speed Swap,Psico,Stato,???,VII,—,–%,10 (MAX 16)
858,Spicy Extract,Erba,Stato,???,IX,—,—%,15 (MAX 24)
169,Spider Web,Coleottero,Stato,Acume,II,—,–%,10 (MAX 16)
131,Spike Cannon,Normale,Fisico,Classe,I,20,100%,15 (MAX 24)
191,Spikes,Terra,Stato,Acume,II,—,–%,20 (MAX 32)
596,Spiky Shield,Erba,Stato,Grinta,VI,—,—%,10 (MAX 16)
859,Spin Out,Acciaio,Fisico,???,IX,100,100%,5 (MAX 8)
789,Spirit Break,Folletto,Fisico,???,VIII,75,100%,15 (MAX 24)
662,Spirit Shackle,Spettro,Fisico,???,VII,80,100%,10 (MAX 16)
255,Spit Up,Normale,Speciale,Grinta,III,Variabile,100%,10 (MAX 16)
180,Spite,Spettro,Stato,Grinta,II,—,100%,10 (MAX 16)
150,Splash,Normale,Stato,Grazia,I,—,–%,40 (MAX 64)
727,Splintered Stormshards,Roccia,Fisico,???,VII,190,—%,1
730,Splishy Splash,Acqua,Speciale,???,VII,90,100%,15 (MAX 24)
147,Spore,Erba,Stato,Bellezza,I,—,100%,15 (MAX 24)
671,Spotlight,Normale,Stato,???,VII,—,–%,15 (MAX 24)
831,Springtide Storm,Folletto,Speciale,???,VIII,95,80%,5 (MAX 8)
446,Stealth Rock,Roccia,Stato,Classe,IV,—,–%,20 (MAX 32)
592,Steam Eruption,Acqua,Speciale,Bellezza,VI,110,95%,5 (MAX 8)
537,Steamroller,Coleottero,Fisico,Grinta,V,65,100%,20 (MAX 32)
796,Steel Beam,Acciaio,Speciale,???,VIII,140,95%,5 (MAX 8)
798,Steel Roller,Acciaio,Fisico,???,VIII,130,100%,5 (MAX 8)
211,Steel Wing,Acciaio,Fisico,Classe,II,70,90%,25 (MAX 40)
564,Sticky Web,Coleottero,Stato,Grinta,VI,—,—%,20 (MAX 32)
254,Stockpile,Normale,Stato,Grinta,III,—,–%,20 (MAX 32)
700,Stoked Sparksurfer,Elettro,Speciale,???,VII,175,—%,1
23,Stomp,Normale,Fisico,Grinta,I,65,100%,20 (MAX 32)
707,Stomping Tantrum,Terra,Fisico,???,VII,75,100%,10 (MAX 16)
830,Stone Axe,Roccia,Fisico,???,VIII,65,90%,15 (MAX 24)
444,Stone Edge,Roccia,Fisico,Grinta,IV,100,80%,5 (MAX 8)
500,Stored Power,Psico,Speciale,Acume,V,20,100%,10 (MAX 16)
480,Storm Throw,Lotta,Fisico,Classe,V,60,100%,10 (MAX 16)
790,Strange Steam,Folletto,Speciale,???,VIII,90,95%,10 (MAX 16)
70,Strength,Normale,Fisico,Grinta,I,80,100%,15 (MAX 24)
668,Strength Sap,Erba,Stato,???,VII,—,100%,10 (MAX 16)
81,String Shot,Coleottero,Stato,Acume,I,—,95%,40 (MAX 64)
165,Struggle,Normale,Fisico,Grinta,I,50,—%,1
522,Struggle Bug,Coleottero,Speciale,Grazia,V,50,100%,20 (MAX 32)
747,Stuff Cheeks,Normale,Stato,???,VIII,—,–%,10 (MAX 16)
78,Stun Spore,Erba,Stato,Acume,I,—,75%,30 (MAX 48)
66,Submission,Lotta,Fisico,Classe,I,80,80%,20 (MAX 32)
164,Substitute,Normale,Stato,Grazia,I,—,–%,10 (MAX 16)
650,Subzero Slammer,Ghiaccio,Fisico,???,VII,Variabile,—%,1
651,Subzero Slammer,Ghiaccio,Speciale,???,VII,Variabile,—%,1
389,Sucker Punch,Buio,Fisico,Acume,IV,70,100%,5 (MAX 8)
241,Sunny Day,Fuoco,Stato,Bellezza,II,—,–%,5 (MAX 8)
713,Sunsteel Strike,Acciaio,Fisico,???,VII,100,100%,5 (MAX 8)
162,Super Fang,Normale,Fisico,Grinta,I,Variabile,90%,10 (MAX 16)
276,Superpower,Lotta,Fisico,Grinta,III,120,100%,5 (MAX 8)
48,Supersonic,Normale,Stato,Acume,I,—,55%,20 (MAX 32)
626,Supersonic Skystrike,Volante,Fisico,???,VII,Variabile,—%,1
627,Supersonic Skystrike,Volante,Speciale,???,VII,Variabile,—%,1
57,Surf,Acqua,Speciale,Bellezza,I,90,100%,15 (MAX 24)
818,Surging Strikes,Acqua,Fisico,???,VIII,25,100%,5 (MAX 8)
207,Swagger,Normale,Stato,Grazia,II,—,85%,15 (MAX 24)
256,Swallow,Normale,Stato,Grinta,III,—,–%,10 (MAX 16)
186,Sweet Kiss,Folletto,Stato,Grazia,II,—,75%,10 (MAX 16)
230,Sweet Scent,Normale,Stato,Grazia,II,—,100%,20 (MAX 32)
129,Swift,Normale,Speciale,Classe,I,60,—%,20 (MAX 32)
415,Switcheroo,Buio,Stato,Acume,IV,—,100%,10 (MAX 16)
14,Swords Dance,Normale,Stato,Bellezza,I,—,–%,20 (MAX 32)
485,Synchronoise,Psico,Speciale,Acume,V,120,100%,10 (MAX 16)
235,Synthesis,Erba,Stato,Acume,II,—,–%,5 (MAX 8)
33,Tackle,Normale,Fisico,Grinta,I,40,100%,35 (MAX 56)
294,Tail Glow,Coleottero,Stato,Bellezza,III,—,–%,20 (MAX 32)
541,Tail Slap,Normale,Fisico,Grazia,V,25,85%,10 (MAX 16)
39,Tail Whip,Normale,Stato,Grazia,I,—,100%,30 (MAX 48)
366,Tailwind,Volante,Stato,Classe,IV,—,–%,15 (MAX 24)
36,Take Down,Normale,Fisico,Grinta,I,90,85%,20 (MAX 32)
850,Take Heart,Psico,Stato,???,VIII,—,—%,10 (MAX 16)
749,Tar Shot,Roccia,Stato,???,VIII,—,100%,15 (MAX 24)
269,Taunt,Buio,Stato,Acume,III,—,100%,20 (MAX 32)
715,Tearful Look,Normale,Stato,???,VII,—,–%,20 (MAX 32)
752,Teatime,Normale,Stato,???,VIII,—,–%,10 (MAX 16)
546,Techno Blast,Normale,Speciale,Classe,V,120,100%,5 (MAX 8)
630,Tectonic Rage,Terra,Fisico,???,VII,Variabile,—%,1
631,Tectonic Rage,Terra,Speciale,???,VII,Variabile,—%,1
298,Teeter Dance,Normale,Stato,Grazia,III,—,100%,20 (MAX 32)
477,Telekinesis,Psico,Stato,Acume,V,—,–%,15 (MAX 24)
100,Teleport,Psico,Stato,Classe,I,—,–%,20 (MAX 32)
851,Tera Blast,Normale,Speciale,???,IX,80,100%,10 (MAX 16)
805,Terrain Pulse,Normale,Speciale,???,VIII,50,100%,10 (MAX 16)
168,Thief,Buio,Fisico,Grinta,II,60,100%,25 (MAX 40)
614,Thousand Arrows,Terra,Fisico,Bellezza,VI,90,100%,10 (MAX 16)
615,Thousand Waves,Terra,Fisico,Grinta,VI,90,100%,10 (MAX 16)
37,Thrash,Normale,Fisico,Grinta,I,120,100%,10 (MAX 16)
675,Throat Chop,Buio,Fisico,???,VII,80,100%,15 (MAX 24)
87,Thunder,Elettro,Speciale,Classe,I,110,70%,10 (MAX 16)
819,Thunder Cage,Elettro,Speciale,???,VIII,80,90%,15 (MAX 24)
422,Thunder Fang,Elettro,Fisico,Classe,IV,65,95%,15 (MAX 24)
9,Thunder Punch,Elettro,Fisico,Classe,I,75,100%,15 (MAX 24)
84,Thunder Shock,Elettro,Speciale,Classe,I,40,100%,30 (MAX 48)
86,Thunder Wave,Elettro,Stato,Classe,I,—,90%,20 (MAX 32)
85,Thunderbolt,Elettro,Speciale,Classe,I,90,100%,15 (MAX 24)
823,Thunderous Kick,Lotta,Fisico,???,VIII,90,100%,10 (MAX 16)
321,Tickle,Normale,Stato,Grazia,III,—,100%,20 (MAX 32)
882,Tidy Up,Normale,Stato,???,IX,—,—%,10 (MAX 16)
576,Topsy-Turvy,Buio,Stato,Acume,VI,—,100%,20 (MAX 32)
871,Torch Song,Fuoco,Speciale,???,IX,80,100%,10 (MAX 16)
259,Torment,Buio,Stato,Grinta,III,—,100%,15 (MAX 24)
92,Toxic,Veleno,Stato,Acume,I,—,90%,10 (MAX 16)
390,Toxic Spikes,Veleno,Stato,Acume,IV,—,–%,20 (MAX 32)
672,Toxic Thread,Veleno,Stato,???,VII,—,100%,20 (MAX 32)
885,Trailblaze,Erba,Fisico,???,IX,50,100%,20 (MAX 32)
144,Transform,Normale,Stato,Acume,I,—,–%,10 (MAX 16)
161,Tri Attack,Normale,Speciale,Bellezza,I,80,100%,10 (MAX 16)
271,Trick,Psico,Stato,Acume,III,—,100%,10 (MAX 16)
433,Trick Room,Psico,Stato,Acume,IV,—,–%,5 (MAX 8)
567,Trick-or-Treat,Spettro,Stato,Grazia,VI,—,100%,20 (MAX 32)
843,Triple Arrows,Lotta,Fisico,???,VIII,50,100%,15 (MAX 24)
813,Triple Axel,Ghiaccio,Fisico,???,VIII,20,90%,10 (MAX 16)
865,Triple Dive,Acqua,Fisico,???,IX,30,95%,10 (MAX 16)
167,Triple Kick,Lotta,Fisico,Classe,II,10,90%,10 (MAX 16)
688,Trop Kick,Erba,Fisico,???,VII,70,100%,15 (MAX 24)
376,Trump Card,Normale,Speciale,Classe,IV,Variabile,—%,5 (MAX 8)
888,Twin Beam,Psico,Speciale,???,IX,40,100%,10 (MAX 16)
41,Twineedle,Coleottero,Fisico,Classe,I,25,100%,20 (MAX 32)
656,Twinkle Tackle,Folletto,Fisico,???,VII,Variabile,—%,1
657,Twinkle Tackle,Folletto,Speciale,???,VII,Variabile,—%,1
239,Twister,Drago,Speciale,Classe,II,40,100%,20 (MAX 32)
369,U-turn,Coleottero,Fisico,Grazia,IV,70,100%,20 (MAX 32)
253,Uproar,Normale,Speciale,Grazia,III,90,100%,10 (MAX 16)
557,V-create,Fuoco,Fisico,Classe,V,180,95%,5 (MAX 8)
410,Vacuum Wave,Lotta,Speciale,Classe,IV,40,100%,30 (MAX 48)
741,Veevee Volley,Normale,Fisico,???,VII,—,–%,20 (MAX 32)
599,Venom Drench,Veleno,Stato,Acume,VI,—,100%,20 (MAX 32)
474,Venoshock,Veleno,Speciale,Bellezza,V,65,100%,10 (MAX 16)
11,Vice Grip,Normale,Fisico,Grinta,I,55,100%,30 (MAX 48)
837,Victory Dance,Lotta,Stato,???,VIII,—,—%,10 (MAX 16)
22,Vine Whip,Erba,Fisico,Classe,I,45,100%,25 (MAX 40)
233,Vital Throw,Lotta,Fisico,Classe,II,70,—%,10 (MAX 16)
521,Volt Switch,Elettro,Speciale,Classe,V,70,100%,20 (MAX 32)
344,Volt Tackle,Elettro,Fisico,Classe,III,120,100%,15 (MAX 24)
358,Wake-Up Slap,Lotta,Fisico,Grinta,IV,70,100%,10 (MAX 16)
55,Water Gun,Acqua,Speciale,Grazia,I,40,100%,25 (MAX 40)
518,Water Pledge,Acqua,Speciale,Bellezza,V,80,100%,10 (MAX 16)
352,Water Pulse,Acqua,Speciale,Bellezza,III,60,100%,20 (MAX 32)
594,Water Shuriken,Acqua,Speciale,Classe,VI,15,100%,20 (MAX 32)
346,Water Sport,Acqua,Stato,Grazia,III,—,–%,15 (MAX 24)
323,Water Spout,Acqua,Speciale,Bellezza,III,Variabile,100%,5 (MAX 8)
127,Waterfall,Acqua,Fisico,Grinta,I,80,100%,15 (MAX 24)
834,Wave Crash,Acqua,Fisico,???,VIII,75,100%,10 (MAX 16)
311,Weather Ball,Normale,Speciale,Bellezza,III,50,100%,10 (MAX 16)
250,Whirlpool,Acqua,Speciale,Bellezza,II,35,85%,15 (MAX 24)
18,Whirlwind,Normale,Stato,Acume,I,—,–%,20 (MAX 32)
817,Wicked Blow,Buio,Fisico,???,VIII,80,100%,5 (MAX 8)
897,Wicked Torque,Buio,Fisico,???,IX,80,100%,10 (MAX 16)
469,Wide Guard,Roccia,Stato,Grinta,V,—,–%,10 (MAX 16)
528,Wild Charge,Elettro,Fisico,Grinta,V,90,100%,15 (MAX 24)
847,Wildbolt Storm,Elettro,Speciale,???,VIII,95,80%,5 (MAX 8)
261,Will-O-Wisp,Fuoco,Stato,Bellezza,III,—,85%,15 (MAX 24)
17,Wing Attack,Volante,Fisico,Classe,I,60,100%,35 (MAX 56)
273,Wish,Normale,Stato,Grazia,III,—,–%,10 (MAX 16)
110,Withdraw,Acqua,Stato,Grazia,I,—,–%,40 (MAX 64)
472,Wonder Room,Psico,Stato,Acume,V,—,–%,10 (MAX 16)
452,Wood Hammer,Erba,Fisico,Grinta,IV,120,100%,15 (MAX 24)
526,Work Up,Normale,Stato,Grinta,V,—,–%,30 (MAX 48)
388,Worry Seed,Erba,Stato,Acume,IV,—,100%,10 (MAX 16)
35,Wrap,Normale,Fisico,Grinta,I,15,90%,20 (MAX 32)
378,Wring Out,Normale,Speciale,Grinta,IV,Variabile,100%,5 (MAX 8)
404,X-Scissor,Coleottero,Fisico,Classe,IV,80,100%,15 (MAX 24)
281,Yawn,Normale,Stato,Grazia,III,—,–%,10 (MAX 16)
192,Zap Cannon,Elettro,Speciale,Classe,II,120,50%,5 (MAX 8)
428,Zen Headbutt,Psico,Fisico,Acume,IV,80,90%,15 (MAX 24)
716,Zing Zap,Elettro,Fisico,???,VII,80,100%,10 (MAX 16)
729,Zippy Zap,Elettro,Fisico,???,VII,80,100%,10 (MAX 16)